yuRUbf href	LC20lb	VuuXrf	qLRx3b	dyjrff	VwiC3b	VwiC3b 2	VwiC3b 3	tjvcx	l97dzf	l97dzf 2	l97dzf 3	OSrXXb	OSrXXb 2	OSrXXb 3	OSrXXb 4	OSrXXb 5	OSrXXb 6	ST6irb	ST6irb href
https://www.ecopowerparts.com/wp-content/	Index of /wp-content	Eco Power Parts	https://www.ecopowerparts.com	› wp-content	/wp-content ... 12:51 - themes/ 2016-03-28 05:37 - upgrade/ 2023-08-23 12:46 - uploads/ 2022-12-31 23:07 -  2021-03-03 06:40 26M.	Index of	wp-content.zip												
https://rsborromeus.com/v2/	Index of /v2	RS Borromeus	https://rsborromeus.com	› ...	/v2 ; , 2018-07-06 11:02, 56M.	Index of	wp-content.zip												
http://spektartermo.com.mk/wp/	Index of /wp	Спектартермо	http://spektartermo.com.mk	› ...	/wp. Name · Last modified · Size · Description · Parent Directory, -. wp-admin.zip, 2020-09-28 11:46, 266M. , 2020-09-28 12:02, 814M.	Index of	wp-content.zip												
http://ciudadalternativa.org.do/wp-content/uploads/	Index of /wp-content/uploads - Ciudad Alternativa	ciudadalternativa.org.do	http://ciudadalternativa.org.do	› upl...	/wp-content/uploads ... 2022/, 2022-11-30 21:15, -. 2023/, 2023-05-31 22:12, -. headway/, 2015-10-27 13:49, -. , 2015-12-25 15:31, 680M.	Index of	wp-content.zip												
http://fastukrep.dns-systems.net/wp-content/	Index of /wp-content - dns-systems.net	dns-systems.net	http://fastukrep.dns-systems.net	› wp-content	/wp-content ; [PARENTDIR], Parent Directory ; [DIR], uploads/, 2016-05-25 11:51 ; [ ], , 2016-05-25 11:42 ...	Index of	wp-content.zip												
https://houseoftooth.in/wp/	Index of /wp	House Of Tooth	https://houseoftooth.in	› ...	/wp ; , 2022-09-26 16:02, 416M.	Index of	wp-content.zip												
http://temp.blazetravelball.com/	Index of /	Blaze All Out Sports League			/ ; , 2018-12-24 01:42, 111M.	Index of	wp-content.zip	http://temp.blazetravelball.com											
https://www.exploit-db.com/ghdb/8109	"intext:""index of"" ""wp-content.zip"" - Files Containing Juicy Info"	Exploit Database	https://www.exploit-db.com	› ghdb	"Google Dork: intext:"""" """" # Files Containing Juicy Info # Date:14/03/2023 # Exploit Author: Sharique Raza."	index of	wp-content.zip												
https://staging.angelsurfschool.com/	Index of /	Angels Surf School			/ ; File php.ini, 2019-11-20 09:46, 4k ; [TXT] robots.txt, 2019-02-26 23:00, 4k ; [TXT] wordfence-waf.php, 2020-01-11 17:05, 4k ; [CMP]  ...	Index of	wp-content.zip	https://staging.angelsurfschool.com											
https://maint.albouchravoyages.com/	Index of /	albouchravoyages.com			/ ; , 2022-08-31 11:45, 298M.	Index of	wp-content.zip	https://maint.albouchravoyages.com											
https://www.new.projecthopeng.org/	Index of /	projecthopeng.org						https://www.new.projecthopeng.org	Name	Last modified	Size	bck/	2020‑02‑06 02:33	‑	new.zip	2023‑07‑20 20:21	13M	View 2 more rows	https://www.new.projecthopeng.org/
https://lagroup.fuseclients.com/	Index of /	WeFuse						https://lagroup.fuseclients.com	Name	Last modified	Size	cgi‑bin/	2021‑11‑23 13:07	‑	wp‑content.zip	2021‑11‑23 13:10	196M	View full table	https://lagroup.fuseclients.com/
https://www.hpfb.org/backup/	Index of /backup	High Plains Food Bank	https://www.hpfb.org	› backup					Name	Last modified	Size	Parent Directory	‑	hpfoodbank_freshcorn..>	2023‑03‑17 06:51	11M	wp‑content.zip	View full table	https://www.hpfb.org/backup/
https://m.indonesiatrue.com/	Index of /	indonesiatrue.com						https://m.indonesiatrue.com	Name	Last modified	Size	cgi‑bin/	2020‑09‑29 03:17	‑	htaccess	2020‑10‑06 03:12	496	View full table	https://m.indonesiatrue.com/
https://www.soldepando.com/wp-content/	Index of /wp-content	Sol de Pando	https://www.soldepando.com	› wp-content					Name	Last modified	Size	Parent Directory	‑	advanced‑cache.php	2021‑11‑25 20:19	1.1K	cache/	View 13 more rows	https://www.soldepando.com/wp-content/
http://en.fabrikabrendov.ru/	Index of /	fabrikabrendov.ru			/. Name · Last Modified · Size · Directory cgi-bin, 2021-12-09 12:33, -. [CMP] , 2021-12-09 14:19, 983840k ...	Index of	wp-content.zip	http://en.fabrikabrendov.ru											
https://mobilexawards.axismarketingpr.com/	Index of /	axismarketingpr.com						https://mobilexawards.axismarketingpr.com	Name	Last modified	Size	favicon.ico	2017‑07‑25 23:37	43	wp‑cli.yml	2017‑07‑25 21:17	30	View 1 more row	https://mobilexawards.axismarketingpr.com/
https://jmurcutt.com/	Index of /	jmurcutt.com			/ ; wp-config.php, 2018-10-09 13:28 ; , 2022-05-11 20:42 ...	Index of	wp-content.zip	https://jmurcutt.com											
http://www.cdn3.tursweb.com.haghi-compressor.ir/	Index of /	haghi-compressor.ir						http://www.cdn3.tursweb.com.haghi-compressor.ir	Name	Last Modified	Size	cgi‑bin	2018‑06‑14 10:33	‑	wp‑content	2018‑06‑14 08:26	‑	View full table	http://www.cdn3.tursweb.com.haghi-compressor.ir/
https://test.wisetechbusinesssolutions.com.ng/	Index of /	wisetechbusinesssolutions.com.ng			/. Name · Last modified · Size · Description · , 2022-11-14 23:29, 255M.	Index of	wp-content.zip	https://test.wisetechbusinesssolutions.com.ng											
https://dev.cuisinebox.co.uk/	Index of /	cuisinebox.co.uk						https://dev.cuisinebox.co.uk	Name	Last modified	Size	ads.txt	2022‑10‑23 19:10	62	cgi‑bin/	2021‑08‑03 10:33	‑	View 14 more rows	https://dev.cuisinebox.co.uk/
https://www.blacksburgforkandcork.com/fork/	Index of /fork	Blacksburg Fork and Cork	https://www.blacksburgforkandcork.com	› fork	/fork ... Parent Directory, -. php.ini.ea4bak, 2017-03-22 11:17, 66K. wp-cli.yml, 2017-03-22 11:16, 32. , 2013-01-24 07:37, 128M.	Index of	wp-content.zip												
https://www.prodone.com.au/home/	Index of /home/	ProDone Clothing Alterations	https://www.prodone.com.au	› ...	/home/ ... shortenings.zip, 2015-10-12 14:12, 34052k. [CMP] wp-admin.zip, 2015-10-12 14:06, 5216k. [CMP] , 2016-01-26 21:39, 86736k.	Index of	wp-content.zip												
https://mail.capital-trailways.com/	Index of /	capital-trailways.com			/ ... cgi-bin/, 2007-10-10 12:46, -. colonialtrailways/, 2023-08-24 01:54, -. favicon.ico, 2018-05-09 15:52, 43. , 2018-04-04 15:50, 42M.	Index of	wp-content.zip	https://mail.capital-trailways.com											
https://flynnghana.com/?page_id=2844	Index of /	flynnghana.com	https://flynnghana.com	› ...	/ ; [TXT] wp-config.php, 2023-06-23 21:25, 4k ; [CMP] , 2023-06-23 22:28, 484764k ; [TXT] wp-cron.php, 2023-03-30 05:02, 8k ; [TXT] wp-links- ...	Index of	wp-content.zip												
https://www.dkimgroup.com/zipsites/	Index of /zipsites - Donald Kim Group	dkimgroup.com	https://www.dkimgroup.com	› zipsites	/zipsites ; off-optimizedwebmedi..> 2017-11-09 01:49 ; old site .zip, 2017-11-09 01:49 ; , 2017-11-09 01:44 ...	Index of	wp-content.zip												
https://successeducation.asia/?ND	Name	successeducation.asia	https://successeducation.asia	› ...	/ ; [CMP] wp-includes.zip, 2023-06-09 07:36, 10556k ; [TXT] wp-cron.php, 2023-06-09 07:36, 8k ; [CMP] , 2023-06-09 07:35, 332432k ; [TXT] wp- ...	Index of	wp-content.zip												
https://wpengine.com/support/transferring-the-wp-content-folder/	Upload a wp-content Directory - Support Center	wpengine.com	https://wpengine.com	› transferring-the-wp-content-folder															
https://focuskitchensandbathrooms.com.au/old%20backup/	Index of /old backup/ - focuskitchensandbathrooms.com.au	focuskitchensandbathrooms.com.au	https://focuskitchensandbathrooms.com.au	› ...	/old backup/ ; Up Parent Directory ; Directory test, 2023-06-26 15:07, - ; File error_log, 2023-06-25 15:09, 1800k ; [CMP] , 2018-02-08 09:29 ...	Index of	wp-content.zip												
https://readytoprint.veryinviting.com.au/	Ready To Print	veryinviting.com.au			/ ; Directory wp-content, 2023-05-03 00:05, - ; File error_log, 2018-10-31 03:27, 4k ; [TXT] test.txt, 2018-11-20 00:03, 4k ; [CMP] , 2018-08 ...	Index of	wp-content.zip	https://readytoprint.veryinviting.com.au											
http://www.optimalteeth.benjmarc.co/	Index of / - Benjmarc	benjmarc.co						http://www.optimalteeth.benjmarc.co	Name	Last Modified	Size	cgi‑bin	2019‑05‑08 07:57	‑	error_log	2019‑12‑21 18:45	12464k	View full table	http://www.optimalteeth.benjmarc.co/
https://ar.cutnshave.club/	Index of / - CutnShave.club	cutnshave.club						https://ar.cutnshave.club	Name	Last Modified	Size	cgi‑bin	2018‑10‑04 14:21	‑	Backup.zip	2019‑01‑23 12:49	74480k	View full table	https://ar.cutnshave.club/
http://www.coffeeservice.al/	Index of /	coffeeservice.al						http://www.coffeeservice.al	Name	Last Modified	Size	cgi‑bin	2020‑09‑14 10:20	‑	error_log	2023‑08‑02 16:46	4k	View 1 more row	http://www.coffeeservice.al/
http://enviroconsult.mandevufarms.com/	Index of /	mandevufarms.com			/.  · wp-content/	Index of	wp-content.zip	http://enviroconsult.mandevufarms.com											
https://www.jamii.co.ke/jmlbkp/	Index of /jmlbkp	Jamii Telecommunication Ltd	https://www.jamii.co.ke	› jmlbkp					Name	Last modified	Size	Parent Directory	‑	wp‑content.zip	2015‑06‑16 12:47	33M		View full table	https://www.jamii.co.ke/jmlbkp/
https://tankbar.co.uk/	Index of /	tankbar.co.uk			/ ... thecocktavern.co.uk/, 2021-12-15 20:05, -. thesouthamptonarms.c..> 2021-12-15 19:42, -. , 2021-10-14 11:07, 1.8G.	Index of	wp-content.zip	https://tankbar.co.uk											
https://www.qbeecreations.testiosoite.com/	Last Modified	Webhotellit.com			/ ... Directory cgi-bin, 2021-07-22 12:30, -. File error_log, 2023-03-24 14:48, 8k. [CMP] , 2021-11-21 23:09, 281392k ...	Index of	wp-content.zip	https://www.qbeecreations.testiosoite.com											
https://karferry.clickmedia.com.ng/	Index of /	clickmedia.com.ng			/ ; Directory cgi-bin, 2020-09-08 15:21, - ; [CMP] __MACOSX.zip, 2020-09-26 06:18, 11528k ; File error_log, 2020-09-09 05:44, 4k ; [CMP]  ...	Index of	wp-content.zip	https://karferry.clickmedia.com.ng											
https://travel.tuwebora.com/	Last Modified	Tuwe Bora			/ ; Directory cgi-bin, 2023-02-02 07:17, - ; File error_log, 2023-03-06 06:58, 28k ; [CMP] , 2023-02-28 12:13, 205864k ...	Index of	wp-content.zip	https://travel.tuwebora.com											
http://www.nakedservidores.com/fhafiuahfisahfashsfiuhasfjjdigital/	Index of /fhafiuahfisahfashsfiuhasfjjdigital	nakedservidores.com	http://www.nakedservidores.com	› fhafiuahfisahfashsf...	/fhafiuahfisahfashsfiuhasfjjdigital ; wp-admin.zip, 2020-06-03 16:18 ; , 2020-06-01 18:58 ...	Index of	wp-content.zip												
http://theaway.in/	Index of /	theaway.in						http://theaway.in	Name	Last modified	Size	cgi‑bin/	2023‑08‑12 13:32	‑	wordfence7.4.14.zip	2023‑03‑08 19:56	4.6M	View 2 more rows	http://theaway.in/
http://www.alfanoise.ziyichong.com/	Index of /	ziyichong.com			/. Name · Last modified · Size · Description · cgi-bin/, 2018-10-01 10:06, -. , 2019-11-04 09:54, 64M.	Index of	wp-content.zip	http://www.alfanoise.ziyichong.com											
https://dreamllstudio.com/	Index of /	dreamllstudio.com			/ ... baucua2020/, 2020-11-03 13:27, -. baucuamoi/, 2020-11-03 14:36, -. cgi-bin/, 2020-11-03 12:59, -. , 2020-11-15 23:57, 20K.	Index of	wp-content.zip	https://dreamllstudio.com											
https://rt.tizim.org/	Index of /	Transparency International Zimbabwe						https://rt.tizim.org	Name	Last modified	Size	wp‑admin (3).zip	2022‑02‑21 08:34	125M	wp‑content.zip	2023‑04‑21 08:05	110M	View full table	https://rt.tizim.org/
http://www.signetps.com/	Index of /	signetps.com			/ ; [TXT] wp-config.php, 2021-08-10 06:43, 4k ; [CMP] wp-content-old.zip, 2017-08-31 07:24, 629952k ; [CMP] , 2017-09-01 01:34, 552864k ; [ ...	Index of	wp-content.zip	http://www.signetps.com											
https://www.arthurfacilities.co.uk/	Index of /	arthurfacilities.co.uk			/. Name · Last modified · Size · Description · , 2020-04-27 11:15, 16M.	Index of	wp-content.zip	https://www.arthurfacilities.co.uk											
https://gawree.fr/	Index of /	gawree.fr			/. Name · Last modified · Size · Description · , 2022-05-24 03:38, 94M.	Index of	wp-content.zip	https://gawree.fr											
https://kilimoyetu.eskeitec.com/	Index of /	eskeitec.com			/ ; Directory cgi-bin, 2020-05-26 17:31, - ; File error_log, 2020-11-14 03:01, 16k ; [CMP] , 2020-10-26 07:55, 117700k ; [CMP] wp-includes.	Index of	wp-content.zip	https://kilimoyetu.eskeitec.com											
http://www.andromedabeautysalon.com/	Andromeda Beauty Salon	andromedabeautysalon.com						http://www.andromedabeautysalon.com	Name	Last modified	Size	wp‑content.zip	2021‑06‑17 07:59	92M	wp‑content/	2012‑01‑08 12:01	‑	View full table	http://www.andromedabeautysalon.com/
https://burnsdesigngrp.com/Suburban-Geriatrics-dev1/?page_id=2068	Index of /Suburban-Geriatrics-dev1	Burns Design Group	https://burnsdesigngrp.com	› Suburban-Geriatrics-dev1					Name	Last modified	Size	Parent Directory	‑	backup.zip	2022‑05‑25 07:56	326M	burnsde1_WPYDS‑2022‑..>	View 2 more rows	https://burnsdesigngrp.com/Suburban-Geriatrics-dev1/?page_id=2068
https://mechanic.panenmaya.com/	Index of / - Panenmaya	Panenmaya			/ ; uploads.zip 10-Dec-2020 23:18 220140k ; wp-admin.zip 10-Dec-2020 23:18 1692k ;  10-Dec-2020 23:18 58084k ; wp-includes.zip 10-Dec-2020 23 ...	Index of	wp-content.zip	https://mechanic.panenmaya.com											
https://encinas.website.osasco.br/	Index of /	website.osasco.br						https://encinas.website.osasco.br	Name	Last modified	Size	wp‑content‑x/	2022‑01‑25 09:53	‑	wp‑content.zip	2023‑05‑17 11:51	706M	View full table	https://encinas.website.osasco.br/
http://www.lavidainnotec.com/	Index of /	lavidainnotec.com						http://www.lavidainnotec.com	Name	Last modified	Size	web/	2022‑11‑16 18:36	‑	wp‑content.zip	2022‑11‑16 17:24	9.6M	View full table	http://www.lavidainnotec.com/
https://www.armi.webtek.marketing/	Index of /	webtek.marketing			/ ; Directory cgi-bin, 2020-02-05 02:42, - ; File error_log, 2021-02-15 04:43, 12k ; [CMP] , 2020-02-05 04:38, 421604k ...	Index of	wp-content.zip	https://www.armi.webtek.marketing											
https://staging.lighthousetheatre.com/	Lighthouse Festival	lighthousetheatre.com			/ ; wp-cli.yml, 2022-06-02 19:01 ; wp-content-OLD/, 2022-01-25 14:54 ; , 2022-11-13 08:25 ...	Index of	wp-content.zip	https://staging.lighthousetheatre.com											
https://www.keepfitgym.com/	Index of /	keepfitgym.com			/. Name · Last modified · Size · Description · , 2020-04-27 09:32, 27M.	Index of	wp-content.zip	https://www.keepfitgym.com											
http://arigo.birjasoft.com/	Last Modified	Birjasoft Technologies						http://arigo.birjasoft.com	Name	Last Modified	Size	cgi‑bin	2021‑12‑06 05:32	‑	wp‑content	2021‑12‑06 05:39	‑	View full table	http://arigo.birjasoft.com/
https://new.fivephasesfarm.com/	Index of /	Five Phases Farm						https://new.fivephasesfarm.com	Name	Last Modified	Size	cgi‑bin	2021‑09‑20 21:29	‑	error_log	2021‑05‑22 02:59	1084k	View 8 more rows	https://new.fivephasesfarm.com/
https://zkurta.myamezweb.com/	Index of /	myamezweb.com			/. Name · Last modified · Size · Description · , 2021-03-16 12:57, 2.8G.	Index of	wp-content.zip	https://zkurta.myamezweb.com											
https://dracecilia.plusetc.com/	Name Last Modified Size Directory cgi-bin 2022-10 ... - Plusetc	Plusetc			/. Name · Last Modified · Size · Directory cgi-bin, 2022-10-24 13:46, -. [CMP] , 2022-11-03 00:15, 61136k ...	Index of	wp-content.zip	https://dracecilia.plusetc.com											
https://www.awater.softwebpk.com/	Index of / - SoftwebPK	softwebpk.com			/ ; [TXT] wp-config.php, 2021-04-08 16:38, 4k ; [CMP] , 2021-01-21 19:03, 170064k ; [TXT] wp-cron.php, 2020-07-31 04:44, 4k ; [TXT] wp-links- ...	Index of	wp-content.zip	https://www.awater.softwebpk.com											
https://letreiroefachada.g5d.com.br/	Index of /	g5d.com.br			/ ; Directory cgi-bin, 2022-10-05 17:05, - ; [CMP] , 2022-10-20 08:11, 142756k ...	Index of	wp-content.zip	https://letreiroefachada.g5d.com.br											
https://www.aquilacu.com/	Name	aquilacu.com			/ ... File css-1, 2022-10-16 20:49, 12k. File css-2, 2022-10-16 20:49, 8k. [CMP] , 2022-10-17 11:53, 100412k.	Index of	wp-content.zip	https://www.aquilacu.com											
https://aromansse.steveluv.com/	Index of /	steveluv.com			/. Name · Last modified · Size · Description · cgi-bin/, 2018-11-17 00:14, -. , 2018-11-17 00:16, 126M.	Index of	wp-content.zip	https://aromansse.steveluv.com											
http://www.efa.net.au/	Index of /	efa.net.au			/ ... _wp-content/, 2021-04-07 01:54, -. blog/, 2020-02-06 17:33, -. cgi-bin/, 2020-09-22 12:13, -. , 2021-04-07 01:54, 36M.	Index of	wp-content.zip	http://www.efa.net.au											
https://interventii.magnus-mouse.ro/	Index of /	magnus-mouse.ro						https://interventii.magnus-mouse.ro	Name	Last modified	Size	wp‑content.zip	2019‑07‑25 23:08	6.4M	wp‑includes.zip	2019‑07‑25 23:06	7.5M	View full table	https://interventii.magnus-mouse.ro/
https://www.velar.com.ng/?1880prib17210bqa785228.html	Index of /	velar.com.ng	https://www.velar.com.ng	› ...					Name	Last Modified	Size	cgi‑bin	2023‑07‑04 05:20	‑	error_log	2023‑07‑06 21:14	5984k	View full table	https://www.velar.com.ng/?1880prib17210bqa785228.html
https://test3.paginaswebya.com.ar/	Index of /	paginaswebya.com.ar						https://test3.paginaswebya.com.ar	Name	Last modified	Size	sitemap‑author.xml	2022‑06‑17 09:39	441	sitemap‑index.xml	2022‑06‑17 09:39	709	View 3 more rows	https://test3.paginaswebya.com.ar/
http://freedom.21happiness.com/	Index of /	Vidya Design			/ ... 2023-02-24 17:05, 114M. wp-admin.zip, 2023-02-24 16:20, 2.3M. , 2023-02-24 16:21, 99M. wp-includes.zip, 2023-02-24 16:20, 9.4M.	Index of	wp-content.zip	http://freedom.21happiness.com											
https://inspection.alhirah.my/	Index of /	AL Hirah Holdings						https://inspection.alhirah.my	Name	Last modified	Size	cgi‑bin/	2020‑05‑24 05:34	‑	wp‑admin.zip	2020‑04‑10 12:28	2.1M	View 1 more row	https://inspection.alhirah.my/
https://www.smp.org.mx/inicio/	Index of /inicio	smp.org.mx	https://www.smp.org.mx	› inicio					Name	Last modified	Size	Parent Directory	‑	wp‑admin.zip	2019‑08‑06 14:29	2.1M	wp‑content.zip	View 1 more row	https://www.smp.org.mx/inicio/
https://www.alphasvr.co.za/?C=N;O=D	Name	alphasvr.co.za	https://www.alphasvr.co.za	› ...					Name	Last modified	Size	wp‑content.zip	2018‑05‑28 14:57	277M	cgi‑bin/	2017‑09‑11 12:18	‑	View full table	https://www.alphasvr.co.za/?C=N;O=D
http://www.prueba.colegiodesantamaria.com/	Index of /	colegiodesantamaria.com						http://www.prueba.colegiodesantamaria.com	Name	Last modified	Size	cgi‑bin/	2021‑07‑16 15:25	‑	old‑wp‑content/	2012‑01‑08 22:31	‑	View full table	http://www.prueba.colegiodesantamaria.com/
http://hanover.signature-solutions.com/?elementskit_template=footer	Index of /	signature-solutions.com	http://hanover.signature-solutions.com	› ...					Name	Last modified	Size	cgi‑bin.zip	2023‑04‑12 11:53	134M	cgi‑bin/	2023‑03‑31 05:38	‑	View full table	http://hanover.signature-solutions.com/?elementskit_template=footer
https://es.dsexecutivetransport.com/	Index of /	dsexecutivetransport.com			/ ; Directory cgi-bin, 2022-10-25 02:34, - ; File error_log, 2023-04-07 06:16, 1392k ; [TXT] wordfence-waf.php, 2022-11-18 03:25, 4k ; [CMP]  ...	Index of	wp-content.zip	https://es.dsexecutivetransport.com											
http://bspsigns.gravatodesign.com/	Index of /	gravatodesign.com			/ ... _wp-content.zip, 2022-03-16 01:09, 6.9M. cgi-bin/, 2022-03-15 18:57, -. , 2022-03-16 01:11, 45M.	Index of	wp-content.zip	http://bspsigns.gravatodesign.com											
https://www.jesssotoramirez.com/wordpress/	Index of /wordpress - jesssotoramirez	jesssotoramirez.com	https://www.jesssotoramirez.com	› wordpress	/wordpress ; , 2023-06-09 05:24, 194M.	Index of	wp-content.zip												
http://www.linetex-eg.com/	Index of /	linetex-eg.com			/. Name · Last modified · Size · Description · wordpress-6.1.zip, 2022-11-07 19:01, 23M. , 2023-03-29 07:21, 196M.	Index of	wp-content.zip	http://www.linetex-eg.com											
https://www.ghanaprimeproperties.com/bak/	Index of /bak - Ghana Prime Properties	ghanaprimeproperties.com	https://www.ghanaprimeproperties.com	› bak					Name	Last modified	Size	Parent Directory	‑	admin.tar.bz2	2020‑08‑25 03:46	91M	demo/	View 4 more rows	https://www.ghanaprimeproperties.com/bak/
https://www.seotrainingservice.com/	Index of /	seotrainingservice.com			/. Name · Last Modified · Size ... [CMP] wp-content.tar.gz, 2021-03-26 02:08, 122988k. [CMP] , 2021-03-26 02:08, 49348k ...	Index of	wp-content.zip	https://www.seotrainingservice.com											
http://www.mediastew.info/	Index of /	mediastew.info			/. Name · Last modified · Size · Description · cgi-bin/, 2020-09-14 15:52, -. skyline.us/, 2020-02-05 23:33, -. , 2023-03-28 17:15, 328M.	Index of	wp-content.zip	http://www.mediastew.info											
https://ancudtelevision.cl/	Index of /	ancudtelevision.cl			/ ; File error_log, 2020-10-25 10:12, 4k ; [CMP] wp-admin.zip, 2020-10-25 10:48, 2212k ; [CMP] , 2020-10-25 10:58, 2224k ; [CMP] wp-includes.	Index of	wp-content.zip	https://ancudtelevision.cl											
http://mrclean.foursixtwo.digital/	Index of /	462 Web Concepts			/. Name · Last modified · Size · Description · cgi-bin/, 2019-12-16 13:09, -. , 2020-02-21 13:25, 181M.	Index of	wp-content.zip	http://mrclean.foursixtwo.digital											
http://shgprod.com/	Index of /	shgprod.com			/ ; [TXT] 87.php, 2021-06-18 17:23, 0k ; [CMP] all.zip, 2019-08-20 08:41, 93664k ; [TXT] wp-config.php, 2020-04-26 02:56, 4k ; [CMP] , 2020- ...	Index of	wp-content.zip	http://shgprod.com											
https://www.casestore.appletrainer.com.br/	Name	appletrainer.com.br			/ ... [TXT] phpinfo.php, 2020-07-31 23:45, 4k. [CMP] wordpress-5.4.2.zip, 2020-06-30 22:18, 12912k. [CMP] , 2020-06-30 22:30, 156052k ...	Index of	wp-content.zip	https://www.casestore.appletrainer.com.br											
https://site.vonto.com.ng/	Index of /	vonto.com.ng			/ ... vontosite.zip, 2022-11-09 04:57, 241408k. [CMP] wp-config.php.zip, 2023-02-23 01:58, 4k. [CMP] , 2022-11-09 05:07, 210288k ...	Index of	wp-content.zip	https://site.vonto.com.ng											
https://pestcontrol.khdamatuk.com/	Index of /	khdamatuk.com						https://pestcontrol.khdamatuk.com	Name	Last modified	Size	cgi‑bin/	2023‑05‑17 08:22	‑	googleda794cd9937527..>	2023‑05‑17 08:22	41	View 23 more rows	https://pestcontrol.khdamatuk.com/
https://www.storss.com/	Index of /	storss.com						https://www.storss.com	Name	Last modified	Size	Jackryan/	2023‑06‑09 23:49	‑	c.php	2021‑06‑05 04:21	0	View 12 more rows	https://www.storss.com/
https://themealien.com/	Name	themealien.com			/ ... Directory cgi-bin, 2021-12-23 11:58, -. File error_log, 2022-09-17 18:41, 8k. [CMP] , 2022-12-19 15:59, 24400k ...	Index of	wp-content.zip	https://themealien.com											
http://www.academytestdesign.com/	Name Last Modified Size [CMP] PART 2 wp-content.zip 2020 ...	academytestdesign.com			/. Name · Last Modified · Size · [CMP] PART 2 , 2020-04-07 06:52, 4147800k. [CMP] PART1.zip, 2020-04-07 06:45, 45292k ...	Index of	wp-content.zip	http://www.academytestdesign.com											
https://askntravel.in/	Ask N Travel	Ask N Travel			/ ; [TXT] wp-config-sample.php, 2023-03-30 06:10, 4k ; [TXT] wp-config.php, 2023-08-11 01:36, 4k ; [CMP] , 2023-02-13 07:23, 85548k ; [TXT] ...	Index of	wp-content.zip	https://askntravel.in											
https://jannat.angrishmarketing.com/	jannat hair & beauty salon - angrishmarketing.com	angrishmarketing.com			/ ... [TXT] wp-config-sample.php, 2023-02-23 05:38, 4k. [TXT] wp-config.php, 2023-08-24 00:48, 4k. [CMP] , 2023-08-18 08:08, 156432k.	Index of	wp-content.zip	https://jannat.angrishmarketing.com											
https://prosperouscoachug.com/	Index of /	prosperouscoachug.com			/ ; [TXT] wp-config.php, 2022-01-09 23:06, 4k ; [CMP] , 2021-09-23 13:43, 16524k ; [TXT] wp-cron.php, 2023-03-29 22:18, 8k ; [TXT] wp-links- ...	Index of	wp-content.zip	https://prosperouscoachug.com											
http://joydigital.tech/	Index of /	joydigital.tech			/ ... File error_log, 2023-08-07 22:53, 65920k. File php.ini, 2022-05-17 12:14, 4k. [CMP] , 2022-12-31 13:01, 98808k ...	Index of	wp-content.zip	http://joydigital.tech											
https://noviaone.webmeh.com/	Novia One - Webmeh	Webmeh			/ ... Directory cgi-bin, 2022-04-30 05:48, -. File error_log, 2023-04-25 04:56, 4k. [CMP] , 2022-11-10 07:07, 318176k ...	Index of	wp-content.zip	https://noviaone.webmeh.com											
https://demo.onlineyoffline.net/	Index of /	onlineyoffline.net			/. Name · Last modified · Size · Description · cgi-bin/, 2019-11-25 08:10, -. , 2022-11-09 02:25, 11M.	Index of	wp-content.zip	https://demo.onlineyoffline.net											
https://www.booknow.ceylonx.co/	Index of /	ceylonx.co			/ ... Directory cgi-bin, 2022-02-01 03:52, -. File error_log, 2022-02-20 03:54, 944k. [CMP] , 2022-02-12 22:59, 78404k ...	Index of	wp-content.zip	https://www.booknow.ceylonx.co											
https://www.schoolrs.com/	Index of /	schoolrs.com			/ ... [TXT] robots.txt, 2021-10-23 14:45, 4k. [CMP] wp-config.php.zip, 2020-12-30 14:32, 4k. [CMP] , 2021-05-25 23:56, 2439432k ...	Index of	wp-content.zip	https://www.schoolrs.com											
https://edinburgh.armerdesign.com/	Index of /	armerdesign.com			/. Name · Last modified · Size · Description · cgi-bin/, 2021-07-14 09:21, -. , 2021-08-20 09:03, 87M.	Index of	wp-content.zip	https://edinburgh.armerdesign.com											
http://www.therealwebdeveloper.com/mccy02/	Index of /mccy02/	therealwebdeveloper.com	http://www.therealwebdeveloper.com	› mccy02	/mccy02/. Name · Last Modified · Size · Up Parent Directory · [CMP] , 2023-01-19 16:45, 3123892k ...	Index of	wp-content.zip												
https://staging.heavengospels.com/	Name Last Modified Size [CMP] wp-content.zip 2023-03-15 06 ...	heavengospels.com			/ ; [CMP] , 2023-03-15 06:45, 99820k ...	Index of	wp-content.zip	https://staging.heavengospels.com											
https://goldenlawg.com/	العربية	goldenlawg.com			/ ; [TXT] wp-config.php, 2023-08-18 18:51, 4k ; [CMP] , 2023-03-22 11:02, 98252k ; [TXT] wp-cron.php, 2023-08-08 17:08, 8k ; [TXT] wp-links- ...	Index of	wp-content.zip	https://goldenlawg.com											
http://www.delrocasprings.bloomsoftgroup.com/	Name Last Modified Size [CMP] wp-admin.zip 2022-06-19 21 ...	bloomsoftgroup.com			/. Name · Last Modified · Size · [CMP] wp-admin.zip, 2022-06-19 21:06, 10780k. [CMP] , 2022-06-19 21:06, 177200k ...	Index of	wp-content.zip	http://www.delrocasprings.bloomsoftgroup.com											
http://www.previenecanceroral.sauerbaum.cl/	Index of /	sauerbaum.cl			/. Name · Last modified · Size · Description · cgi-bin/, 2013-09-01 01:10, -. error_log, 2014-05-16 04:41, 64K. , 2013-08-06 21:16, 85M.	Index of	wp-content.zip	http://www.previenecanceroral.sauerbaum.cl											
https://bridgeclone.bexesler.com/	Index of /	bexesler.com			/ ... Directory cgi-bin, 2017-10-11 02:55, -. File error_log, 2022-07-13 22:17, 8k. [CMP] , 2022-03-31 04:49, 209784k ...	Index of	wp-content.zip	https://bridgeclone.bexesler.com											
https://mejagron.nikodigital.co.ke/	Index of /	Niko Digital			/ ... File error_log, 2022-06-15 11:58, 12k. File php.ini, 2022-06-14 08:26, 4k. [CMP] , 2022-07-04 19:14, 329524k ...	Index of	wp-content.zip	https://mejagron.nikodigital.co.ke											
https://cartolineauguriok.it/	Index of /	cartolineauguriok.it			/. Name · Last modified · Size · Description · , 2023-02-21 20:05, 282M.	Index of	wp-content.zip	https://cartolineauguriok.it											
https://atual2.adverprime.com.br/	Index of /	adverprime.com.br						https://atual2.adverprime.com.br	Name	Last Modified	Size	cgi‑bin	2022‑06‑24 10:43	‑	atual‑regulamento.pdf	2020‑06‑22 11:22	240k	View 13 more rows	https://atual2.adverprime.com.br/
https://ramsons.bazar11.com/	Index of /	bazar11.com			/. Name · Last modified · Size · Description · --wp-content/, 2012-01-08 12:01, -. , 2023-06-01 17:38, 100M.	Index of	wp-content.zip	https://ramsons.bazar11.com											
https://devhub.lpi.finance/	Last Modified	LPI DAO						https://devhub.lpi.finance	Name	Last Modified	Size	cgi‑bin	2021‑09‑24 20:44	‑	copy	2022‑11‑04 02:37	‑	View full table	https://devhub.lpi.finance/
http://premiair.bonsai-preview.com/	Index of /	bonsai-preview.com			/. Name Last modified Size Description ... sitemap.xml 29-Jul-2021 03:22 0k [CMP]  01-Feb-2021 04:14 2485416k ...	Index of	wp-content.zip	http://premiair.bonsai-preview.com											
http://www.ekofutura.hr/	Index of /	ekofutura.hr						http://www.ekofutura.hr	Name	Last modified	Size	mobiliti.hr/	2023‑02‑08 00:24	‑	wp‑content.zip	2023‑02‑07 15:00	17M	View full table	http://www.ekofutura.hr/
http://www.nordfamily.org/	Index of /	nordfamily.org			/ ; robots.txt, 2021-10-31 21:09 ; support_logs/, 2018-05-09 14:20 ; , 2018-05-10 08:35 ...	Index of	wp-content.zip	http://www.nordfamily.org											
https://www.meubledari.com/	Index of /	meubledari.com			/ ; [TXT] wp-config.php, 2022-11-24 00:26, 4k ; [CMP] , 2022-11-24 00:20, 349716k ; [TXT] wp-cron.php, 2023-08-08 23:33, 8k ; [TXT] wp-crons.	Index of	wp-content.zip	https://www.meubledari.com											
https://toothfairyatg.com/	Index of /	toothfairyatg.com			/ ; [CMP] toothfairyatg07042022.zip, 2022-12-08 04:52, 167652k ; [TXT] wp-config.php, 2023-08-09 04:30, 4k ; [CMP] , 2023-08-09 04:27 ...	Index of	wp-content.zip	https://toothfairyatg.com											
https://albarqksa.speedforce.agency/	Index of /	speedforce digital						https://albarqksa.speedforce.agency	Name	Last modified	Size	cgi‑bin/	2021‑09‑27 02:44	‑	wp‑content.zip	2021‑12‑07 03:00	300M	View full table	https://albarqksa.speedforce.agency/
https://madiandcotraining.com/	Index of /	madiandcotraining.com			/ ... cgi-bin/, 2021-10-12 12:31, -. mozane/, 2020-02-06 13:03, -. vlada/, 2020-02-06 13:03, -. , 2023-04-17 16:19, 2.4G.	Index of	wp-content.zip	https://madiandcotraining.com											
https://hvpower.pe/	Index of /	hvpower.pe			/ ... [TXT] version.php, 2023-04-05 13:48, 4k. [TXT] wp-config.php, 2023-03-22 06:25, 4k. [CMP] , 2023-04-05 13:40, 39456k ...	Index of	wp-content.zip	https://hvpower.pe											
https://www.gadpe.gob.ec/	Index of /	gadpe.gob.ec						https://www.gadpe.gob.ec	Name	Last modified	Size	cooperacion.gadpe.go..>	2023‑07‑28 00:22	‑	docs.zip	2023‑01‑26 11:08	1.1G	View 6 more rows	https://www.gadpe.gob.ec/
https://dispatchfinder.ng/?rVb1-44bbe-ILy8K.5f	Index of /	Dispatch Finder	https://dispatchfinder.ng	› ...	/ ; [CMP] Dispatchfinder , 2022-12-14 04:05, 291340k ; File error_log, 2023-05-07 09:17, 248k ; [TXT] license.txt, 2022-01-01 10:45, 20k ; [ ...	Index of	wp-content.zip												
https://www.questionmark.vynarabakery.com/	Index of /	Vynara Bakery			/ ... File database.sql, 2019-04-19 08:13, 760k. File error_log, 2022-09-08 11:25, 8k. [CMP] , 2019-04-24 10:32, 42024k ...	Index of	wp-content.zip	https://www.questionmark.vynarabakery.com											
https://cognition.infinarts.com/	Name Last Modified Size [CMP] wp-content.zip 2022 ... - Infinarts	Infinarts			/. Name · Last Modified · Size · [CMP] , 2022-09-05 08:59, 469884k. Proudly Served by LiteSpeed Web Server at cognition.infinarts.com ...	Index of	wp-content.zip	https://cognition.infinarts.com											
https://gocement.xolluteon.com/	Index of /	Adihara			/ ... File error_log, 2022-03-16 13:53, 468k. File php.ini, 2022-02-12 11:20, 4k. [CMP] , 2022-02-12 01:19, 646784k ...	Index of	wp-content.zip	https://gocement.xolluteon.com											
https://new.kultureimage.com/	Name Last Modified Size Directory cgi-bin 2022-02-16 17:48 ...	Kulture Image			/. Name · Last Modified · Size · Directory cgi-bin, 2022-02-16 17:48, -. [CMP] , 2022-03-26 22:24, 172440k ...	Index of	wp-content.zip	https://new.kultureimage.com											
https://obpaustralia.christomstaging.com.au/	OBP Australia	OBP Australia			/. Name Last modified Size Description ... wp-content 2.zip 12-Jan-2023 01:50 188480k [CMP]  27-Jan-2023 00:47 451928k ...	Index of	wp-content.zip	https://obpaustralia.christomstaging.com.au											
https://selflove2soullove.com/	Index of /	selflove2soullove.com			/. Name · Last Modified · Size · Directory cgi-bin, 2022-01-17 17:01, -. [CMP] , 2022-01-25 00:44, 208764k ...	Index of	wp-content.zip	https://selflove2soullove.com											
http://www.abbasxpress.com/	Index of /	abbasxpress.com			/ ... Directory cgi-bin, 2022-11-30 01:37, -. File error_log, 2023-07-13 05:29, 972k. [CMP] , 2023-03-29 08:55, 72332k ...	Index of	wp-content.zip	http://www.abbasxpress.com											
https://network-tool.iconpln.net.id/	Index of /	ICON+						https://network-tool.iconpln.net.id	Name	Last modified	Size	cgi‑bin/	2022‑08‑05 14:32	‑	dig.php	2016‑07‑25 02:58	4.9K	View 8 more rows	https://network-tool.iconpln.net.id/
https://ahcarabobo.com/biblioteca/biblioteca-digital/	Index of /biblioteca/biblioteca-digital/	ahcarabobo.com	https://ahcarabobo.com	› biblioteca › biblioteca-digital	/biblioteca/biblioteca-digital/. Name · Last Modified · Size · Up Parent Directory · [CMP] , 2022-01-26 00:07, 296628k ...	Index of	wp-content.zip												
https://www.composertia.com/	Index of /	composertia.com			/. Name · Last modified · Size · Description · cgi-bin/, 2022-09-16 18:19, -. , 2022-10-10 20:46, 84M.	Index of	wp-content.zip	https://www.composertia.com											
https://oacornsgroup.com/	Last Modified	oacornsgroup.com			/ ... File error_log, 2023-06-07 13:11, 2288k. File php.ini, 2023-05-23 11:34, 4k. [CMP] , 2023-06-07 13:12, 287304k ...	Index of	wp-content.zip	https://oacornsgroup.com											
https://www.scribd.com/document/661817456/Google-Hacking-Database-GHDB-Google-Dorks-OSINT-Recon2	Google Hacking Database (GHDB) - Google Dorks, OSINT, ...	Scribd	https://www.scribd.com	› document › Google-Hacking-...	"intitle:""index of ""application.yml"" Suman Das 03-29 Juicy Info ... 2023- Re: intext:"""" """" - Files Containing Files Containing."	index of	wp-content.zip												
https://neffoodmarket.com/?midst/drumbler767826.html	Index of / - Neffood Market	neffoodmarket.com	https://neffoodmarket.com	› midst › drumbler767826	/ ... [CMP] wp-content-extract.zip, 2023-08-21 08:32, 181844k. [CMP] , 2023-08-21 08:52, 657032k ...	Index of	wp-content.zip												
https://footiecardgame.com/	Index of /	footiecardgame.com			/. Name · Last modified · Size · Description · , 2020-04-27 09:35, 117M.	Index of	wp-content.zip	https://footiecardgame.com											
http://www.orangeaircargo.sbs/	Index of /	orangeaircargo.sbs			/ ; [TXT] wp-config.php, 2023-07-16 16:11, 4k ; [CMP] , 2023-07-16 16:10, 65348k ; [TXT] wp-cron.php, 2022-11-23 09:43, 8k ; [TXT] wp-links- ...	Index of	wp-content.zip	http://www.orangeaircargo.sbs											
https://gpuscale.shop/	Index of /	gpuscale.shop			/ ... Directory cgi-bin, 2022-12-13 18:12, -. File error_log, 2023-07-07 08:08, 940k. [CMP] , 2022-12-14 14:44, 183024k ...	Index of	wp-content.zip	https://gpuscale.shop											
https://webdiviaggio.com/?v5=1679185	Index of /	webdiviaggio.com	https://webdiviaggio.com	› ...	/ ... sym404/, 2023-06-16 03:54, -. website/, 2022-08-10 05:22, -. wp-admin/, 2023-06-16 03:54, -. , 2022-05-04 13:27, 2.3M.	Index of	wp-content.zip												
http://www.coffincheatersmc.com.au/	Index of /	coffincheatersmc.com.au			/ ; imagify-backup/, 2020-10-28 19:11 ; wordfence-waf.php, 2020-10-28 18:50 ; , 2020-11-18 17:10 ...	Index of	wp-content.zip	http://www.coffincheatersmc.com.au											
https://www.modern-store.shop/	Name Last Modified Size [CMP] wp-content.zip 2023-07-19 21 ...	modern-store.shop			/. Name · Last Modified · Size · [CMP] , 2023-07-19 21:39, 139048k. Proudly Served by LiteSpeed Web Server at www.modern-store.shop ...	Index of	wp-content.zip	https://www.modern-store.shop											
http://www.hunter10.com/lovehealthytreats/	Index of /lovehealthytreats/	hunter10.com	http://www.hunter10.com	› lovehealthytreats	/lovehealthytreats/ ... Up Parent Directory · Directory cgi-bin, 2021-05-28 21:41, -. [CMP] , 2021-10-18 19:36, 208468k ...	Index of	wp-content.zip												
http://maduanak.website/	Index of /	maduanak.website			/ ... Directory cgi-bin, 2023-03-26 03:22, -. [CMP] wp-config.php.zip, 2023-03-26 03:21, 4k. [CMP] , 2023-03-26 03:20, 10396k ...	Index of	wp-content.zip	http://maduanak.website											
https://www.greetinglines.com/?SA	Index of /	Greetinglines	https://www.greetinglines.com	› ...	/ ... [TXT] wpsafelink.js, 2022-03-31 11:17, 224k. File error_log, 2022-08-06 18:42, 7320k. [CMP] , 2021-12-16 22:08, 64468k.	Index of	wp-content.zip												
https://talisagroup.skomedia.ng/	Index of /	SKO MEDIA						https://talisagroup.skomedia.ng	Name	Last Modified	Size	error_log	2022‑06‑21 13:59	52k	php.ini	2022‑06‑14 12:21	4k	View 1 more row	https://talisagroup.skomedia.ng/
https://www.altariahub.com/	Altaria Hub	altariahub.com			/ ; Directory cgi-bin, 2021-07-05 00:17, - ; File error_log, 2023-04-08 23:05, 32k ; [CMP] , 2022-01-17 06:27, 373844k ; [CMP] wp-includes.	Index of	wp-content.zip	https://www.altariahub.com											
http://www.samsonsclothing.com/	Index of /	samsonsclothing.com			/. Name · Last modified · Size · Description · cgi-bin/, 2022-07-04 15:29, -. , 2022-10-27 15:03, 112M.	Index of	wp-content.zip	http://www.samsonsclothing.com											
https://www.mianbrotherz.com/	Last Modified	mianbrotherz.com			/ ... Directory cgi-bin, 2023-06-08 09:58, -. Directory wp-content, 2023-02-04 20:25, -. [CMP] , 2023-02-04 20:09, 301432k.	Index of	wp-content.zip	https://www.mianbrotherz.com											
http://sharedsynergy.net/	Index of /	sharedsynergy.net			/ ... wordpress-5.8.zip, 2021-08-07 12:01, 16M. wp-config.php, 2021-08-07 12:05, 3.2K. , 2020-05-11 23:34, 1.2G.	Index of	wp-content.zip	http://sharedsynergy.net											
https://jyotigroupofhotels.egramin.org/	Index of /	egramin.org			/ ; Directory __MACOSX, 2021-03-18 15:00, - ; Directory cgi-bin, 2021-03-18 13:48, - ; Directory wp-content0, 2021-03-18 14:26, - ; [CMP]  ...	Index of	wp-content.zip	https://jyotigroupofhotels.egramin.org											
https://test.alkhayry.com/	Index of /	PlayUganda			/. Name · Last modified · Size · Description · public/, 2022-12-10 15:25, -. , 2023-05-04 12:49, 413M.	Index of	wp-content.zip	https://test.alkhayry.com											
https://vishaysingh.com/	Index of /	vishaysingh.com			/ ; cgi-bin/, 2016-04-25 09:55 ; old-blog/, 2013-03-11 18:53 ; , 2017-01-07 03:52 ...	Index of	wp-content.zip	https://vishaysingh.com											
http://www.cmserv.co.za/	Index of /	cmserv.co.za			/ ... vr/, 2021-07-26 16:54, -. vy/, 2021-07-26 16:54, -. wp-admin.zip, 2019-03-20 15:56, 2.0M. , 2019-03-20 15:39, 69M.	Index of	wp-content.zip	http://www.cmserv.co.za											
https://anttexenterprises.com/	Index of /	anttexenterprises.com			/ ; [TXT] robots.txt, 2022-06-05 08:21, 4k ; [CMP] wp-admin.zip, 2022-05-27 15:39, 2436k ; [CMP] , 2022-05-26 18:41, 19044k ; [CMP] wp- ...	Index of	wp-content.zip	https://anttexenterprises.com											
https://www.allegcbonline.com/	Index of /	allegcbonline.com			/ ... [CMP] en.zip, 2023-07-09 13:42, 116240k. [TXT] parking-page.shtml, 2019-08-16 12:59, 8k. [CMP] , 2022-08-08 18:19, 83384k.	Index of	wp-content.zip	https://www.allegcbonline.com											
https://reingenieriadelamente.com/	Last Modified	reingenieriadelamente.com			/ ; [TXT] version.php, 2023-03-29 19:31, 4k ; [TXT] wp-config.php, 2023-04-10 23:53, 4k ; [CMP] , 2023-04-13 04:19, 84400k ...	Index of	wp-content.zip	https://reingenieriadelamente.com											
http://fnfi.org/compresses_site/	Index of /compresses_site - fnfi.org	fnfi.org	http://fnfi.org	› compresses_site	/compresses_site ; supportimp.tgz, 2022-07-07 11:50 ; supportold.tar, 2022-07-05 16:53 ; , 2022-07-02 21:18 ...	Index of	wp-content.zip												
https://www.milady20.xyz/	Name Last Modified Size Directory cgi-bin 2023-06-29 14:47 ...	milady20.xyz			/. Name · Last Modified · Size · Directory cgi-bin, 2023-06-29 14:47, -. [CMP] , 2023-06-29 16:58, 124988k ...	Index of	wp-content.zip	https://www.milady20.xyz											
https://www.reelsuccesstv.com/	Index of /	reelsuccesstv.com			/ ... [TXT] wp-config-sample.php, 2021-12-14 03:44, 4k. [TXT] wp-config.php, 2023-08-19 21:46, 4k. [CMP] , 2023-07-18 12:05, 139608k.	Index of	wp-content.zip	https://www.reelsuccesstv.com											
https://www.tracka1.com/	Index of /	tracka1.com			/ ; Directory cgi-bin, 2023-06-14 04:18, - ; File error_log, 2022-12-12 03:44, 12k ; [CMP] , 2022-12-01 03:27, 322388k ...	Index of	wp-content.zip	https://www.tracka1.com											
http://mobiles4today.us/	Index of /	mobiles4today.us			/ ... touchcarousel/, 2013-03-10 17:18, -. wp-admin.zip, 2020-09-22 22:13, 1.7M. , 2020-09-22 22:14, 343M.	Index of	wp-content.zip	http://mobiles4today.us											
https://frozenyogurtblog.com/	Index of /	frozenyogurtblog.com			/ ... paintingcontractorblog/, 2022-04-08 09:40, -. recruitment-mccarthy..> 2021-10-18 17:47, -. , 2021-01-03 17:50, 25M.	Index of	wp-content.zip	https://frozenyogurtblog.com											
https://www.exponiendoinfieles.site/	Index of /	exponiendoinfieles.site			/ ; [CMP] u503793937.20230614193205.tar.gz, 2023-06-24 15:19, 1745760k ; [CMP] , 2023-06-24 20:59, 52592k ...	Index of	wp-content.zip	https://www.exponiendoinfieles.site											
https://thebloggingbank.com/	thebloggingbank.com	thebloggingbank.com			/ ... File sitemap.xml, 2022-12-10 21:06, 8k. [CMP] wordpress-6.0.3.zip, 2022-10-31 19:27, 22244k. [CMP] , 2022-10-31 19:13, 16048k ...	Index of	wp-content.zip	https://thebloggingbank.com											
https://www.travelgearinfo.com/	Index of /	travelgearinfo.com			/ ... Directory cgi-bin, 2023-06-14 04:11, -. File error_log, 2022-07-30 08:51, 4k. [CMP] , 2022-07-30 08:50, 206500k ...	Index of	wp-content.zip	https://www.travelgearinfo.com											
http://www.facadainternational.com/	Name Last Modified Size [TXT] wp-config.php 2023-07-29 17 ...	facadainternational.com			/ ; [TXT] wp-config.php, 2023-07-29 17:27, 4k. [CMP] , 2023-07-31 15:42, 122900k ; [CMP] wp-content.zip, 2023-07-31 15:42, 122900k ...	Index of	wp-content.zip	http://www.facadainternational.com											
https://www.clipper9.com/	Index of /	clipper9.com			/. Name · Last Modified · Size ... [TXT] wordfence-waf.php, 2022-02-08 23:17, 4k. [CMP] , 2020-12-28 23:23, 102632k ...	Index of	wp-content.zip	https://www.clipper9.com											
https://exalcoperu.com/	Index of /	exalcoperu.com			/ ... [TXT] version.php, 2022-10-18 00:09, 4k. [TXT] wp-config.php, 2021-04-27 10:08, 4k. [CMP] , 2023-04-13 04:11, 68256k ...	Index of	wp-content.zip	https://exalcoperu.com											
https://notochildhunger.ng/	Index of /	notochildhunger.ng			/ ; [TXT] wp-config.php, 2023-08-18 06:11, 4k ; [CMP] , 2023-02-06 11:07, 141144k ; [TXT] wp-cron.php, 2020-07-31 04:44, 4k ; [TXT] wp-links- ...	Index of	wp-content.zip	https://notochildhunger.ng											
https://websitetestenserver.online/	Index of /	websitetestenserver.online			/ ... 2020-02-06 01:33, -. wp-admin.zip, 2023-05-16 17:39, 2.4M. , 2023-05-16 17:40, 310M. wp-includes.zip, 2023-05-16 17:41, 10M.	Index of	wp-content.zip	https://websitetestenserver.online											
https://www.mypersonaltechguide.com/	Index of /	mypersonaltechguide.com			/ ; mypersonaltechguide...> 2023-04-09 19:57 ; ssl/, 2023-04-09 20:23 ; , 2023-04-08 22:43 ...	Index of	wp-content.zip	https://www.mypersonaltechguide.com											
https://thelightfoodglobal.com.ng/?ND	Index of /	thelightfoodglobal.com.ng	https://thelightfoodglobal.com.ng	› ...	/. Name · Last Modified · Size · [CMP] , 2023-04-22 08:34, 165592k. [CMP] wp-config.php.zip, 2023-04-22 08:34, 165592k.	Index of	wp-content.zip												
https://acemds.com/	AceMDs	acemds.com			/. Name · Last modified · Size · Description · cgi-bin/, 2022-12-20 10:35, -. , 2023-05-02 12:22, 127M.	Index of	wp-content.zip	https://acemds.com											
